{
    "metrics": {
        "data_received": {
            "count": 3507098,
            "rate": 116249.88039317078
        },
        "http_reqs": {
            "count": 300,
            "rate": 9.9441088096059
        },
        "http_req_blocked": {
            "p(95)": 0.011275500000000008,
            "avg": 1.3467286733333321,
            "min": 0.00183,
            "med": 0.00299,
            "max": 41.495501,
            "p(90)": 0.0051530000000000005
        },
        "http_req_waiting": {
            "min": 1.44659,
            "med": 2.499098,
            "max": 14.026609,
            "p(90)": 3.5632731000000004,
            "p(95)": 4.092938,
            "avg": 2.676023183333335
        },
        "http_req_failed": {
            "passes": 0,
            "fails": 300,
            "value": 0
        },
        "http_req_tls_handshaking": {
            "avg": 0.5868657433333333,
            "min": 0,
            "med": 0,
            "max": 18.320628,
            "p(90)": 0,
            "p(95)": 0
        },
        "data_sent": {
            "count": 32800,
            "rate": 1087.2225631835786
        },
        "http_req_connecting": {
            "med": 0,
            "max": 1.720073,
            "p(90)": 0,
            "p(95)": 0,
            "avg": 0.038767076666666664,
            "min": 0
        },
        "iterations": {
            "count": 300,
            "rate": 9.9441088096059
        },
        "iteration_duration": {
            "avg": 1004.7470031233332,
            "min": 1001.87263,
            "med": 1003.2183595,
            "max": 1046.416101,
            "p(90)": 1004.3448112000001,
            "p(95)": 1005.53922495
        },
        "http_req_receiving": {
            "min": 0.027961,
            "med": 0.056820499999999996,
            "max": 1.090517,
            "p(90)": 0.3705730000000006,
            "p(95)": 0.58449655,
            "avg": 0.11921830333333334
        },
        "vus_max": {
            "value": 10,
            "min": 10,
            "max": 10
        },
        "http_req_duration{expected_response:true}": {
            "min": 1.50358,
            "med": 2.6251135,
            "max": 14.092519,
            "p(90)": 3.682631100000001,
            "p(95)": 4.262383100000002,
            "avg": 2.810334410000001
        },
        "vus": {
            "max": 10,
            "value": 10,
            "min": 10
        },
        "http_req_duration": {
            "p(95)": 4.262383100000002,
            "avg": 2.810334410000001,
            "min": 1.50358,
            "med": 2.6251135,
            "max": 14.092519,
            "p(90)": 3.682631100000001
        },
        "http_req_sending": {
            "min": 0.00838,
            "med": 0.011105,
            "max": 0.299112,
            "p(90)": 0.020141000000000006,
            "p(95)": 0.02890150000000001,
            "avg": 0.015092923333333336
        }
    },
    "root_group": {
        "groups": {},
        "checks": {},
        "name": "",
        "path": "",
        "id": "d41d8cd98f00b204e9800998ecf8427e"
    }
}
